Title,Image,Link
【VR】中出しVRベスト600分 全部ナマ中出し！かわいい子と中出し体験したいならコレ！,https://pics.dmm.co.jp/digital/video/hnvr00079/hnvr00079pt.jpg,https://www.dmm.co.jp/digital/videoa/-/detail/=/cid=hnvr00079/
メスイキ病棟非情のドライオーガズム逆痴●ナース,https://pics.dmm.co.jp/digital/video/mird00207/mird00207pt.jpg,https://www.dmm.co.jp/digital/videoa/-/detail/=/cid=mird00207/
【VR】天井特化アングルVR SUPER BEST（VRKM-215）,https://pics.dmm.co.jp/digital/video/vrkm00215/vrkm00215pt.jpg,https://www.dmm.co.jp/digital/videoa/-/detail/=/cid=vrkm00215/
2020年Madonna全353タイトル 12時間 ￥1980,https://pics.dmm.co.jp/digital/video/jusd00927/jusd00927pt.jpg,https://www.dmm.co.jp/digital/videoa/-/detail/=/cid=jusd00927/
膣内射精後、抜かずにピストン続行！中出しシェイク状態の妊娠確定セックス50連発,https://pics.dmm.co.jp/digital/video/bmw00238/bmw00238pt.jpg,https://www.dmm.co.jp/digital/videoa/-/detail/=/cid=bmw00238/
トリプル痴女OLハーレム 欲求不満お姉さんたちの3点責めコンビネーションで何度も何度も中出しさせられる！ 香椎花乃 波多野結衣 木下ひまり,https://pics.dmm.co.jp/digital/video/pred00345/pred00345pt.jpg,https://www.dmm.co.jp/digital/videoa/-/detail/=/cid=pred00345/
一人旅で狙われた乳房 レズビアンいいなり温泉旅行 北野未奈 浜崎真緒 波多野結衣,https://pics.dmm.co.jp/digital/video/bban00347/bban00347pt.jpg,https://www.dmm.co.jp/digital/videoa/-/detail/=/cid=bban00347/
欲しがり痴女が口マ○コであっつあつザーメン吸引！口内射精フェラ91コーナー105発,https://pics.dmm.co.jp/digital/video/bmw00239/bmw00239pt.jpg,https://www.dmm.co.jp/digital/videoa/-/detail/=/cid=bmw00239/
【VR】アナタだけを見つめる美女たちとの贅沢の極みハーレムBEST SPECIAL300分,https://pics.dmm.co.jp/digital/video/savr00146/savr00146pt.jpg,https://www.dmm.co.jp/digital/videoa/-/detail/=/cid=savr00146/
【VR】KMPVR-bibi-2020年上半期売上ランキングBEST30,https://pics.dmm.co.jp/digital/video/h_1285cbikmv00097/h_1285cbikmv00097pt.jpg,https://www.dmm.co.jp/digital/videoa/-/detail/=/cid=h_1285cbikmv00097/
逆3Pハーレム痴女Special アナタの乳首とチ●ポをこねくり犯して何度も、何度も、射精せてアゲル 波多野結衣 大槻ひびき,https://pics.dmm.co.jp/digital/video/cjod00318/cjod00318pt.jpg,https://www.dmm.co.jp/digital/videoa/-/detail/=/cid=cjod00318/
美女三人に囲まれ 聖水トリプル痴女ハーレム エロ汁ビチャビチャかけられながら何度も射精させられる！,https://pics.dmm.co.jp/digital/video/cjod00261/cjod00261pt.jpg,https://www.dmm.co.jp/digital/videoa/-/detail/=/cid=cjod00261/
極上の人妻達と日替わり出会える夢のような1ヵ月！！ Madonna美熟女SEXカレンダー2020 16時間,https://pics.dmm.co.jp/digital/video/jusd00886/jusd00886pt.jpg,https://www.dmm.co.jp/digital/videoa/-/detail/=/cid=jusd00886/
「ダメっ！中だけは許して下さい…！」 乱れた衣服が最高のオカズ着衣バックレ×プ中出し50連発,https://pics.dmm.co.jp/digital/video/bmw00245/bmw00245pt.jpg,https://www.dmm.co.jp/digital/videoa/-/detail/=/cid=bmw00245/
最近、格闘技にハマりだした意地悪お姉ちゃんの 脇汗たっぷりフェイスロック反撃脇クンニで猛犬ペロペロかましたらHな吐息が漏れてきて… 波多野結衣 奏音かのん 結城のの 晶エリー,https://pics.dmm.co.jp/digital/video/miaa00471/miaa00471pt.jpg,https://www.dmm.co.jp/digital/videoa/-/detail/=/cid=miaa00471/
夫の上司に犯●れ続けて7日目、私は理性を失った…。～初めて犯●れた1日目編～ 全28タイトル16時間BEST,https://pics.dmm.co.jp/digital/video/jusd00814/jusd00814pt.jpg,https://www.dmm.co.jp/digital/videoa/-/detail/=/cid=jusd00814/
射精っても止めない痴女手コキ！追撃男潮超ラッシュBEST,https://pics.dmm.co.jp/digital/video/mizd00253/mizd00253pt.jpg,https://www.dmm.co.jp/digital/videoa/-/detail/=/cid=mizd00253/
快感トライアングル悶絶3点責め！痴女ハーレムBEST,https://pics.dmm.co.jp/digital/video/cjob00098/cjob00098pt.jpg,https://www.dmm.co.jp/digital/videoa/-/detail/=/cid=cjob00098/
ウーマナイザーオナニー,https://pics.dmm.co.jp/digital/video/ovg00184/ovg00184pt.jpg,https://www.dmm.co.jp/digital/videoa/-/detail/=/cid=ovg00184/
ド痴女に挟まれいくつもの性感帯を同時責め逆3Pハーレムたっぷり抜かれまくり～8時間49本番,https://pics.dmm.co.jp/digital/video/mizd00247/mizd00247pt.jpg,https://www.dmm.co.jp/digital/videoa/-/detail/=/cid=mizd00247/
色白デカ尻の家事代行おばさんに即ハメ！デカチンの虜になった人妻が翌日勝手に押しかけてきたので満足するまで何度も中出ししてあげた 8 波多野結衣,https://pics.dmm.co.jp/digital/video/dvdms00728/dvdms00728pt.jpg,https://www.dmm.co.jp/digital/videoa/-/detail/=/cid=dvdms00728/
見つめながら俺のデカチンシャブってください。,https://pics.dmm.co.jp/digital/video/retomn00072/retomn00072pt.jpg,https://www.dmm.co.jp/digital/videoa/-/detail/=/cid=retomn00072/
絶倫仮面 仮面シスターマリア編 波多野結衣,https://pics.dmm.co.jp/digital/video/h_173ghkr00071/h_173ghkr00071pt.jpg,https://www.dmm.co.jp/digital/videoa/-/detail/=/cid=h_173ghkr00071/
地味で大人しそうな本屋の文系人妻にじっくりねっとり弄ばれる僕 波多野結衣,https://pics.dmm.co.jp/digital/video/juy00819/juy00819pt.jpg,https://www.dmm.co.jp/digital/videoa/-/detail/=/cid=juy00819/
【VR】ブラック企業に勤めてて限界を感じた僕は会社を無断欠勤して温泉一人旅へ。そこで偶然出逢ったテンション高めな奥様達との超ハーレムセックスVR,https://pics.dmm.co.jp/digital/video/juvr00033/juvr00033pt.jpg,https://www.dmm.co.jp/digital/videoa/-/detail/=/cid=juvr00033/
夫の上司に犯●れ続けて7日目、私は理性を失った…。～理性を失った7日目編～ 全28タイトル16時間BEST,https://pics.dmm.co.jp/digital/video/jusd00816/jusd00816pt.jpg,https://www.dmm.co.jp/digital/videoa/-/detail/=/cid=jusd00816/
美熟女のむっちむち美尻とスラっと美脚が堪能できるパンスト着衣性交 8時間,https://pics.dmm.co.jp/digital/video/jusd00860/jusd00860pt.jpg,https://www.dmm.co.jp/digital/videoa/-/detail/=/cid=jusd00860/
嫁の連れ子に嫁との激しいセックス見せつけたらママの真似をしたがったので中出し子作りごっこした,https://pics.dmm.co.jp/digital/video/miaa00284/miaa00284pt.jpg,https://www.dmm.co.jp/digital/videoa/-/detail/=/cid=miaa00284/
【お中元セット】メスと化した女たちが回春オイルエステマッサージヌルヌルエロエロやりたい放題！,https://pics.dmm.co.jp/digital/video/ardb00002/ardb00002pt.jpg,https://www.dmm.co.jp/digital/videoa/-/detail/=/cid=ardb00002/
えっ、ウソッ！？いま中に出されたばかりなのにぃぃぃぃ！！ 中出しされてまだマ○コがビクビク痙攣してるのに再びチ○ポを連続挿入！！子宮を精液で埋め尽くす追撃中出し8時間,https://pics.dmm.co.jp/digital/video/rbb00217/rbb00217pt.jpg,https://www.dmm.co.jp/digital/videoa/-/detail/=/cid=rbb00217/
気持ち良過ぎて腰が勝手に動いちゃう ガンガン杭打ちピストン騎乗位4時間,https://pics.dmm.co.jp/digital/video/bf00642/bf00642pt.jpg,https://www.dmm.co.jp/digital/videoa/-/detail/=/cid=bf00642/
バス時間停止！時間を停止できるストップウォッチを手に入れた僕は、朝の女性専用バスに乗車してヤリたい放題に中出ししてみた。,https://pics.dmm.co.jp/digital/video/h_720zex00364/h_720zex00364pt.jpg,https://www.dmm.co.jp/digital/videoa/-/detail/=/cid=h_720zex00364/
美少女中出し島 10周年大感謝祭スペシャル！！超ハイテンション中出し大乱交,https://pics.dmm.co.jp/digital/video/hnds00065/hnds00065pt.jpg,https://www.dmm.co.jp/digital/videoa/-/detail/=/cid=hnds00065/
【VR】SEX史上最強の密着感！真夏の300分対面座位SUPERBEST,https://pics.dmm.co.jp/digital/video/vrkm00288/vrkm00288pt.jpg,https://www.dmm.co.jp/digital/videoa/-/detail/=/cid=vrkm00288/
無防備で艶めかしい美女の着替え 68名,https://pics.dmm.co.jp/digital/video/oomn00198/oomn00198pt.jpg,https://www.dmm.co.jp/digital/videoa/-/detail/=/cid=oomn00198/
半端ないって！精巣暴発寸前！！ S級ドスケベ美女たちがずーっとペロペロこねくり乳首責めBEST,https://pics.dmm.co.jp/digital/video/idbd00842/idbd00842pt.jpg,https://www.dmm.co.jp/digital/videoa/-/detail/=/cid=idbd00842/
波多野結衣と望月あやかが痴女る！（NH版）with 橘芹那 数多の男たちを絶頂させてきた淫乱女優二人が精子枯れ果てるまでNHを責めまくる！,https://pics.dmm.co.jp/digital/video/cemd00051/cemd00051pt.jpg,https://www.dmm.co.jp/digital/videoa/-/detail/=/cid=cemd00051/
射精直前 超美尻バックピストン絶頂100連発,https://pics.dmm.co.jp/digital/video/mizd00169/mizd00169pt.jpg,https://www.dmm.co.jp/digital/videoa/-/detail/=/cid=mizd00169/
【VRお中元セット】令和で一番最高なサマーSEXにしようぜ！！感謝カンゲキ夏の大放出祭！！1267分超特大ノーカットSELECTION,https://pics.dmm.co.jp/digital/video/kmtv00001/kmtv00001pt.jpg,https://www.dmm.co.jp/digital/videoa/-/detail/=/cid=kmtv00001/
男なら一生に一度は媚薬でキマッた美女を生ハメ中出しで突きまくりたい…よな？！発禁覚悟のヤバ過ぎ50本番,https://pics.dmm.co.jp/digital/video/bmw00244/bmw00244pt.jpg,https://www.dmm.co.jp/digital/videoa/-/detail/=/cid=bmw00244/
【VR】祝！2020年！新年福袋BEST！！500分SPECIAL！！超お得！最新人気50タイトル激盛り詰合せ！,https://pics.dmm.co.jp/digital/video/84kmvr00785/84kmvr00785pt.jpg,https://www.dmm.co.jp/digital/videoa/-/detail/=/cid=84kmvr00785/
イキ地獄限界拷問 4時間 快楽に支配され痙攣絶頂する女10人,https://pics.dmm.co.jp/digital/video/svs00073/svs00073pt.jpg,https://www.dmm.co.jp/digital/videoa/-/detail/=/cid=svs00073/
エッチなお姉さんのスケベ手コキ100発ヌキBEST,https://pics.dmm.co.jp/digital/video/pbd00406/pbd00406pt.jpg,https://www.dmm.co.jp/digital/videoa/-/detail/=/cid=pbd00406/
チ○ポで頭がいっぱい！SEXしながら同時に何本も咥えたい下品な女の乱交フェラチオ8時間,https://pics.dmm.co.jp/digital/video/rbb00200/rbb00200pt.jpg,https://www.dmm.co.jp/digital/videoa/-/detail/=/cid=rbb00200/
逆レ×プ挟み撃ちド痴女ハーレムBEST,https://pics.dmm.co.jp/digital/video/cjob00092/cjob00092pt.jpg,https://www.dmm.co.jp/digital/videoa/-/detail/=/cid=cjob00092/
「もう中にだしてるってばぁ～」デカ尻ぶるんっ！杭打ち騎乗位で身動きできずに何度も中出しBEST,https://pics.dmm.co.jp/digital/video/cjob00068/cjob00068pt.jpg,https://www.dmm.co.jp/digital/videoa/-/detail/=/cid=cjob00068/
フェラをしたがる母親達 4 デカチン息子編 40名 4時間,https://pics.dmm.co.jp/digital/video/oomn00094/oomn00094pt.jpg,https://www.dmm.co.jp/digital/videoa/-/detail/=/cid=oomn00094/
マン屁図鑑～ばぶぱっぶぽぽっぼぷぅぼぷぅ…なんというお下劣！なんという羞恥！なんという淫音！～,https://pics.dmm.co.jp/digital/video/h_213agemix00313/h_213agemix00313pt.jpg,https://www.dmm.co.jp/digital/videoa/-/detail/=/cid=h_213agemix00313/
足腰ガクガク！！ ハードピストン立ちバック 2,https://pics.dmm.co.jp/digital/video/retomn00070/retomn00070pt.jpg,https://www.dmm.co.jp/digital/videoa/-/detail/=/cid=retomn00070/
総合婦人肌着メーカーWAKOSUKE BEST 4時間,https://pics.dmm.co.jp/digital/video/icmb00001/icmb00001pt.jpg,https://www.dmm.co.jp/digital/videoa/-/detail/=/cid=icmb00001/
「マ○コより気持ちよくしてアゲル」痴女手コキ100発オーバーBEST,https://pics.dmm.co.jp/digital/video/cjob00085/cjob00085pt.jpg,https://www.dmm.co.jp/digital/videoa/-/detail/=/cid=cjob00085/
手コキ112連発 WANZFACTORY最新作を沢山詰め込みました！！,https://pics.dmm.co.jp/digital/video/bmw00242/bmw00242pt.jpg,https://www.dmm.co.jp/digital/videoa/-/detail/=/cid=bmw00242/
MOODYZファン感謝祭バコバコバスツアー2014 南国バコバコランド大乱交！！,https://pics.dmm.co.jp/digital/video/mird00141/mird00141pt.jpg,https://www.dmm.co.jp/digital/videoa/-/detail/=/cid=mird00141/
ちんシャブ大好き痴女の 射精2分前ラストスパートフェラチオ120連発,https://pics.dmm.co.jp/digital/video/mizd00240/mizd00240pt.jpg,https://www.dmm.co.jp/digital/videoa/-/detail/=/cid=mizd00240/
射精しても止めない！吹いても止めない！ド痴女たちの凄テク追撃男潮BEST2,https://pics.dmm.co.jp/digital/video/cjob00088/cjob00088pt.jpg,https://www.dmm.co.jp/digital/videoa/-/detail/=/cid=cjob00088/
男1人と大人数の淫乱女の子とのハッピーハーレムSEX！あたり一面女の子スペシャル8時間,https://pics.dmm.co.jp/digital/video/rbb00193/rbb00193pt.jpg,https://www.dmm.co.jp/digital/videoa/-/detail/=/cid=rbb00193/
顔だけでもヌケるイイ熟女達のねっとり濃密ベロキス性交 8時間,https://pics.dmm.co.jp/digital/video/jusd00855/jusd00855pt.jpg,https://www.dmm.co.jp/digital/videoa/-/detail/=/cid=jusd00855/
【VR】専属女優もハーレムSEXも！高画質＆高没入！！MOODYZ VRハイクオリティBEST35タイトル500分激シコSPECIAL！！,https://pics.dmm.co.jp/digital/video/mdvr00104/mdvr00104pt.jpg,https://www.dmm.co.jp/digital/videoa/-/detail/=/cid=mdvr00104/
従順牝犬緊縛奴● 快楽の羞恥調教part.2 14人4時間,https://pics.dmm.co.jp/digital/video/svs00070/svs00070pt.jpg,https://www.dmm.co.jp/digital/videoa/-/detail/=/cid=svs00070/
S級美女達の乳首舐め手コキBEST ねっちょりレロレロさわさわシコシコW責めで精子を絞り取られる！！,https://pics.dmm.co.jp/digital/video/mizd00170/mizd00170pt.jpg,https://www.dmm.co.jp/digital/videoa/-/detail/=/cid=mizd00170/
【VR】全身解剖波多野結衣VR 波多野結衣,https://pics.dmm.co.jp/digital/video/h_1116cafr00476/h_1116cafr00476pt.jpg,https://www.dmm.co.jp/digital/videoa/-/detail/=/cid=h_1116cafr00476/
男は嫌いだけど、おちんちんは大好き。高身長美女のペニクリを奪い合うレズビアン,https://pics.dmm.co.jp/digital/video/dasd00793/dasd00793pt.jpg,https://www.dmm.co.jp/digital/videoa/-/detail/=/cid=dasd00793/
相部屋でメスイキ筆おろしハーレム！2人同時に乳首・亀頭・前立腺責め快楽拷問 篠田ゆう 波多野結衣,https://pics.dmm.co.jp/digital/video/waaa00076/waaa00076pt.jpg,https://www.dmm.co.jp/digital/videoa/-/detail/=/cid=waaa00076/
メスイキ ビクビク痙攣ドライオーガズム＆精子ビュルビュル発射ところてん堪能BEST,https://pics.dmm.co.jp/digital/video/cjob00093/cjob00093pt.jpg,https://www.dmm.co.jp/digital/videoa/-/detail/=/cid=cjob00093/
「もう吹いてるってばぁ～！」S級美女に痴女られ続ける追撃男潮BEST,https://pics.dmm.co.jp/digital/video/mizd00992/mizd00992pt.jpg,https://www.dmm.co.jp/digital/videoa/-/detail/=/cid=mizd00992/
「マ●コより気持ちよくしてアゲル」痴女手コキ100発オーバーBEST2,https://pics.dmm.co.jp/digital/video/cjob00095/cjob00095pt.jpg,https://www.dmm.co.jp/digital/videoa/-/detail/=/cid=cjob00095/
橘芹那を痴女るwith波多野結衣・望月あやか！！ ニューハーフ橘芹那をレジェンド女優の波多野結衣と望月あやかが痴女りまくるドキュメント作品！,https://pics.dmm.co.jp/digital/video/tcd00277/tcd00277pt.jpg,https://www.dmm.co.jp/digital/videoa/-/detail/=/cid=tcd00277/
手違いでお店のHPにNN可とアイコンを付けられてしまってスケベな客のイカ臭い精子を断り切れずにどくどくと注ぎ込まれたナマ中出しデリヘル妻 BEST,https://pics.dmm.co.jp/digital/video/avsa00131/avsa00131pt.jpg,https://www.dmm.co.jp/digital/videoa/-/detail/=/cid=avsa00131/
Catch the dream,https://pics.dmm.co.jp/digital/video/h_720zex00396/h_720zex00396pt.jpg,https://www.dmm.co.jp/digital/videoa/-/detail/=/cid=h_720zex00396/
W痴女チ○ポとアナルしゃぶり舐めハーレム追撃ジュボレロ連射！！ 佐々木あき 波多野結衣,https://pics.dmm.co.jp/digital/video/miaa00005/miaa00005pt.jpg,https://www.dmm.co.jp/digital/videoa/-/detail/=/cid=miaa00005/
【VR】天井特化アングルVR SUPER BEST,https://pics.dmm.co.jp/digital/video/84averv00007/84averv00007pt.jpg,https://www.dmm.co.jp/digital/videoa/-/detail/=/cid=84averv00007/
ザーメン欲しがり痴女の頬すぼみバキュームフェラ100連発BEST,https://pics.dmm.co.jp/digital/video/mizd00205/mizd00205pt.jpg,https://www.dmm.co.jp/digital/videoa/-/detail/=/cid=mizd00205/
金玉沸騰寸前！イジめたがり痴女のニヤニヤ射精管理BEST,https://pics.dmm.co.jp/digital/video/mizd00225/mizd00225pt.jpg,https://www.dmm.co.jp/digital/videoa/-/detail/=/cid=mizd00225/
意識朦朧 激ハードピストンSEX 2,https://pics.dmm.co.jp/digital/video/tomn00067/tomn00067pt.jpg,https://www.dmm.co.jp/digital/videoa/-/detail/=/cid=tomn00067/
スタイル抜群の結衣ちゃんは、セクハラされまくりのパンストメーカー社員 波多野結衣,https://pics.dmm.co.jp/digital/video/taak00022/taak00022pt.jpg,https://www.dmm.co.jp/digital/videoa/-/detail/=/cid=taak00022/
縄酔い人妻 夫の留守‥‥私は縄奴●に堕ちていく 波多野結衣,https://pics.dmm.co.jp/digital/video/oigs00018/oigs00018pt.jpg,https://www.dmm.co.jp/digital/videoa/-/detail/=/cid=oigs00018/
【VR】祝！2021年！新年福袋BEST！！500分SPECIAL！！超お得！最新人気50タイトル激盛り詰合せ！,https://pics.dmm.co.jp/digital/video/84vrkm00096/84vrkm00096pt.jpg,https://www.dmm.co.jp/digital/videoa/-/detail/=/cid=84vrkm00096/
終わらない追撃ピストンでイキ果てるオンナ！ 集団輪●レ×プ35連発,https://pics.dmm.co.jp/digital/video/mizd00196/mizd00196pt.jpg,https://www.dmm.co.jp/digital/videoa/-/detail/=/cid=mizd00196/
快楽求めてオナニー三昧！動かぬ体で絶頂艶舞！クネる淫体14選！,https://pics.dmm.co.jp/digital/video/cead00340/cead00340pt.jpg,https://www.dmm.co.jp/digital/videoa/-/detail/=/cid=cead00340/
グチョグチョに求め合う濡れ髪性交BEST 8時間,https://pics.dmm.co.jp/digital/video/jusd00807/jusd00807pt.jpg,https://www.dmm.co.jp/digital/videoa/-/detail/=/cid=jusd00807/
無理矢理されたい犯して欲しい…本当は淫れたい女たちのドスケベ本性曝け出しSEX16時間100人,https://pics.dmm.co.jp/digital/video/cead00328/cead00328pt.jpg,https://www.dmm.co.jp/digital/videoa/-/detail/=/cid=cead00328/
2019年Madonna全394タイトル 12時間 ￥1980,https://pics.dmm.co.jp/digital/video/jusd00877/jusd00877pt.jpg,https://www.dmm.co.jp/digital/videoa/-/detail/=/cid=jusd00877/
2020年E-BODYラストベスト 過去10年で最も美体でドエロかった大当たり肉弾200SEX アジア最高峰ボディコレクション16時間,https://pics.dmm.co.jp/digital/video/mkck00274/mkck00274pt.jpg,https://www.dmm.co.jp/digital/videoa/-/detail/=/cid=mkck00274/
川上ゆうベストセラーBOX vol.2 22時間43分8枚組,https://pics.dmm.co.jp/digital/video/cesd00943/cesd00943pt.jpg,https://www.dmm.co.jp/digital/videoa/-/detail/=/cid=cesd00943/
波多野結衣/密着交際,https://pics.dmm.co.jp/digital/video/5732claq00004/5732claq00004pt.jpg,https://www.dmm.co.jp/digital/videoa/-/detail/=/cid=5732claq00004/
あのアイドルがスーパーリマスターREMIXで甦る やりすぎ家庭教師 完全ベスト8時間,https://pics.dmm.co.jp/digital/video/41bndv00682/41bndv00682pt.jpg,https://www.dmm.co.jp/digital/videoa/-/detail/=/cid=41bndv00682/
鉄板complete 波多野結衣 BEST,https://pics.dmm.co.jp/digital/video/tomn00037/tomn00037pt.jpg,https://www.dmm.co.jp/digital/videoa/-/detail/=/cid=tomn00037/
「やっぱり私、オトコなしでは…快楽なしでは生きられないの…。」伝説の痴女妻風俗嬢 波多野結衣,https://pics.dmm.co.jp/digital/video/h_1100hzgd00204/h_1100hzgd00204pt.jpg,https://www.dmm.co.jp/digital/videoa/-/detail/=/cid=h_1100hzgd00204/
出張先のビジネスホテルでずっと憧れていた女上司とまさかまさかの相部屋宿泊 総集編 8時間,https://pics.dmm.co.jp/digital/video/jusd00866/jusd00866pt.jpg,https://www.dmm.co.jp/digital/videoa/-/detail/=/cid=jusd00866/
中はっ、中はだめぇぇぇっ！！！望まない生セックス 絶望させる強●中出し8時間,https://pics.dmm.co.jp/digital/video/rbb00167/rbb00167pt.jpg,https://www.dmm.co.jp/digital/videoa/-/detail/=/cid=rbb00167/
W痴女ハーレムBEST 綺麗なお姉さん達に何度も射精させられる,https://pics.dmm.co.jp/digital/video/pbd00379/pbd00379pt.jpg,https://www.dmm.co.jp/digital/videoa/-/detail/=/cid=pbd00379/
プッシャアアァァァッ！！ ハメ潮、イキ潮、気持ちよすぎる絶頂スプラッシュ8時間,https://pics.dmm.co.jp/digital/video/rbb00194/rbb00194pt.jpg,https://www.dmm.co.jp/digital/videoa/-/detail/=/cid=rbb00194/
ハーレムASMRスペシャル！！,https://pics.dmm.co.jp/digital/video/h_720zex00358/h_720zex00358pt.jpg,https://www.dmm.co.jp/digital/videoa/-/detail/=/cid=h_720zex00358/
洗脳 潜入捜査官 コンプリートBEST 4時間,https://pics.dmm.co.jp/digital/video/bxx00008/bxx00008pt.jpg,https://www.dmm.co.jp/digital/videoa/-/detail/=/cid=bxx00008/
【VR】もしも波多野結衣が○○だったら…～家庭教師だったりダッチワイフだったり風俗嬢だったり～ 波多野結衣,https://pics.dmm.co.jp/digital/video/h_1116cafr00473/h_1116cafr00473pt.jpg,https://www.dmm.co.jp/digital/videoa/-/detail/=/cid=h_1116cafr00473/
【VR】学生時代の同級生2人に前から！後から！ノリノリで痴女られる！！ フロントでたっぷりチ○ポを責められながら、バックで羽交い締めにされバイノーラル淫語を囁かれる超ドS痴女たちのコンビネーションVR！！,https://pics.dmm.co.jp/digital/video/wavr00046/wavr00046pt.jpg,https://www.dmm.co.jp/digital/videoa/-/detail/=/cid=wavr00046/
【VR】顔面密着×オナサポ 顔騎JOI,https://pics.dmm.co.jp/digital/video/vrkm00335/vrkm00335pt.jpg,https://www.dmm.co.jp/digital/videoa/-/detail/=/cid=vrkm00335/
本中10周年記念作品！！美少女中出し島完全版おもてもうらも全部見せちゃいます！240分SPECIAL,https://pics.dmm.co.jp/digital/video/hnds00069/hnds00069pt.jpg,https://www.dmm.co.jp/digital/videoa/-/detail/=/cid=hnds00069/
僕のねとられ話しを聞いてほしい スペシャルコンプリートBEST 4枚組16時間,https://pics.dmm.co.jp/digital/video/nbes00028/nbes00028pt.jpg,https://www.dmm.co.jp/digital/videoa/-/detail/=/cid=nbes00028/
発射寸前！ 我慢汁垂れ流しの気持ちいいフェラチオ160連射8時間（RBB-189）,https://pics.dmm.co.jp/digital/video/rbb00189/rbb00189pt.jpg,https://www.dmm.co.jp/digital/videoa/-/detail/=/cid=rbb00189/
射精寸前！ やっぱり最後は中出し ドピュドピュ128連発 8時間,https://pics.dmm.co.jp/digital/video/rbb00188/rbb00188pt.jpg,https://www.dmm.co.jp/digital/videoa/-/detail/=/cid=rbb00188/
縄酔い人妻 4時間BEST Part.3,https://pics.dmm.co.jp/digital/video/oigb00004/oigb00004pt.jpg,https://www.dmm.co.jp/digital/videoa/-/detail/=/cid=oigb00004/
咥えないでイカせてあげるネ！舌技でイカせるフェラチオ4時間～執拗なまでの亀頭責めから海綿体をテロテロと這い回る生温かい舌技までのオンパレード～,https://pics.dmm.co.jp/digital/video/h_213ageom00016/h_213ageom00016pt.jpg,https://www.dmm.co.jp/digital/videoa/-/detail/=/cid=h_213ageom00016/
ギャル2人がラブホで彼氏スワップ セクテク競い合いザー汁搾り尽くすチ○ポが持たないハーレム痴女3P REMI 波多野結衣,https://pics.dmm.co.jp/digital/video/waaa00101/waaa00101pt.jpg,https://www.dmm.co.jp/digital/videoa/-/detail/=/cid=waaa00101/
SODファン大感謝祭！賢者タイムなし！何発も発射できる猛者が神！射精無制限ぜつりんバスツアー 超人気女優16人 VS 一般募集素人ファンによる夢の大乱交！総勢19名一泊二日79発射！,https://pics.dmm.co.jp/digital/video/1sdmu00454/1sdmu00454pt.jpg,https://www.dmm.co.jp/digital/videoa/-/detail/=/cid=1sdmu00454/
女王様のM男調教4時間BEST,https://pics.dmm.co.jp/digital/video/avsa00080/avsa00080pt.jpg,https://www.dmm.co.jp/digital/videoa/-/detail/=/cid=avsa00080/
美女に身をまかせて快感射精！どっきゅどきゅ精子を吸い取ってくれる騎乗位中出しテクニック2 4時間,https://pics.dmm.co.jp/digital/video/pbd00389/pbd00389pt.jpg,https://www.dmm.co.jp/digital/videoa/-/detail/=/cid=pbd00389/
仮面夫婦 完全版 最終章 寝取り寝取られる快感に目覚め快楽に溺れる変態夫婦達 大槻ひびき・波多野結衣,https://pics.dmm.co.jp/digital/video/xvsr00617/xvsr00617pt.jpg,https://www.dmm.co.jp/digital/videoa/-/detail/=/cid=xvsr00617/
100タイトル100レ●プ100発射16時間BEST,https://pics.dmm.co.jp/digital/video/atkd00298/atkd00298pt.jpg,https://www.dmm.co.jp/digital/videoa/-/detail/=/cid=atkd00298/
後ろから手コキ 普通の手コキより気持ちイイ！背後からの手コキBEST 2,https://pics.dmm.co.jp/digital/video/pbd00395/pbd00395pt.jpg,https://www.dmm.co.jp/digital/videoa/-/detail/=/cid=pbd00395/
痴女タクシードライバー2 波多野結衣 ～チ○コをむさぼる淫乱すぎる痴女ドライバーの運行記録！,https://pics.dmm.co.jp/digital/video/cemd00071/cemd00071pt.jpg,https://www.dmm.co.jp/digital/videoa/-/detail/=/cid=cemd00071/
2018年下半期全184タイトルBEST8時間,https://pics.dmm.co.jp/digital/video/jusd00821/jusd00821pt.jpg,https://www.dmm.co.jp/digital/videoa/-/detail/=/cid=jusd00821/
2人だけの空間で時間も忘れて性欲に溺れる貪りSEX 相部屋BEST8時間,https://pics.dmm.co.jp/digital/video/rbb00207/rbb00207pt.jpg,https://www.dmm.co.jp/digital/videoa/-/detail/=/cid=rbb00207/
ずっぽり汗だくオナニー 39名,https://pics.dmm.co.jp/digital/video/retomn00095/retomn00095pt.jpg,https://www.dmm.co.jp/digital/videoa/-/detail/=/cid=retomn00095/
波多野結衣再び さらに濃密濃厚、燃え尽きた情熱性交。,https://pics.dmm.co.jp/digital/video/tppn00043/tppn00043pt.jpg,https://www.dmm.co.jp/digital/videoa/-/detail/=/cid=tppn00043/
手違いでお店のHPに‘NN可’とアイコンを付けられてしまって スケベな客のイカ臭い精子を断り切れずにどくどくと注ぎ込まれたナマ中出しデリヘル妻 波多野結衣,https://pics.dmm.co.jp/digital/video/avsa00074/avsa00074pt.jpg,https://www.dmm.co.jp/digital/videoa/-/detail/=/cid=avsa00074/
V＆R ボリューム満点のデカ乳BEST ノーカット完全収録2143分 PREMIUM BEST,https://pics.dmm.co.jp/digital/video/vktd00002/vktd00002pt.jpg,https://www.dmm.co.jp/digital/videoa/-/detail/=/cid=vktd00002/
許されぬ関係離れ難い2人 チェックアウト前の惜別性交 8時間,https://pics.dmm.co.jp/digital/video/jusd00931/jusd00931pt.jpg,https://www.dmm.co.jp/digital/videoa/-/detail/=/cid=jusd00931/
ULTRA SWEET 赤貝 堕ちた美BODY限界昇天 Vol.01 ～狂気の快楽無限地獄～ 波多野結衣,https://pics.dmm.co.jp/digital/video/gmen00001/gmen00001pt.jpg,https://www.dmm.co.jp/digital/videoa/-/detail/=/cid=gmen00001/
高画質 アッツアツの精子を子宮に孕ませ中出し120発16時間,https://pics.dmm.co.jp/digital/video/rbb00113/rbb00113pt.jpg,https://www.dmm.co.jp/digital/videoa/-/detail/=/cid=rbb00113/
